{"type":"complete","info":"SUCCESS","status":1,"Eia":"jsonp_37609_","position":{"P":23.04842,"O":113.16676000000001,"lng":113.16676,"lat":23.04842},"message":"Get ipLocation success.Get address success.","location_type":"ip","accuracy":null,"isConverted":true,"addressComponent":{"citycode":"0757","adcode":"440605","businessAreas":[{"name":"桂城","id":"440605","location":{"P":23.036013,"O":113.15820300000001,"lng":113.158203,"lat":23.036013}},{"name":"平洲","id":"440605","location":{"P":23.028025,"O":113.19971199999998,"lng":113.199712,"lat":23.028025}}],"neighborhoodType":"","neighborhood":"","building":"","buildingType":"","street":"南平西路","streetNumber":"b区","province":"广东省","city":"佛山市","district":"南海区","township":"桂城街道"},"formattedAddress":"广东省佛山市南海区桂城街道罗芳村","roads":[],"crosses":[],"pois":[]}